{"cameraMode":{"drawMode":0,"name":"Shaded","section":"Shading Mode"},"sceneLighting":true,"audioPlay":false,"sceneViewState":{"m_AlwaysRefresh":false,"showFog":true,"showSkybox":true,"showFlares":true,"showImageEffects":true,"showParticleSystems":true,"showVisualEffectGraphs":true,"m_FxEnabled":true},"in2DMode":false,"pivot":{"x":10.480201721191407,"y":21.896671295166017,"z":-1.0005192756652833},"rotation":{"x":0.4684688448905945,"y":0.10554753243923187,"z":-0.05649001896381378,"w":0.8753436803817749},"size":20.063390731811525,"orthographic":true}